"metric","metric2","time","incidence","death","incidence_rate","death_rate","population"
"艾滋病","AIDS",2023,58903,22137,4.1783,1.5703,1411750000
"艾滋病","AIDS",2022,52058,18885,3.69,1.3388,1412600000
"艾滋病","AIDS",2021,60154,19623,4.2669,1.3919,1412120000
"艾滋病","AIDS",2020,62167,18819,4.43,1.34,1410080000
"艾滋病","AIDS",2019,71204,20999,5.1,1.5,1405410000
"艾滋病","AIDS",2018,64170,18780,4.62,1.35,1400110000
"艾滋病","AIDS",2017,57194,15251,4.14,1.11,1392320000
"艾滋病","AIDS",2016,54360,14091,3.97,1.03,1383260000
"艾滋病","AIDS",2015,50330,12755,3.69,0.94,1376460000
"艾滋病","AIDS",2014,45145,12030,3.33,0.89,1367260000
"艾滋病","AIDS",2013,42286,11437,3.12,0.84,1359220000
"艾滋病","AIDS",2012,41929,11575,3.11,0.86,1349160000
"艾滋病","AIDS",2011,20450,9224,1.52,0.69,1340910000
"艾滋病","AIDS",2010,15982,7743,1.2,0.58,1334500000
"艾滋病","AIDS",2009,13281,6596,1,0.5,1328020000
"艾滋病","AIDS",2008,10059,5389,0.76,0.41,1321290000
"艾滋病","AIDS",2007,9727,3904,0.74,0.3,1314480000
"艾滋病","AIDS",2006,6671,1331,0.51,0.1,1307560000
"艾滋病","AIDS",2005,5621,1316,0.43,0.1,1299880000
"艾滋病","AIDS",2004,3054,741,0.23,0.06,1292270000
"阿米巴性痢疾","Amebic Dysentery",2020,670,0,0.05,0,1410080000
"阿米巴性痢疾","Amebic Dysentery",2019,775,0,0.06,0,1405410000
"阿米巴性痢疾","Amebic Dysentery",2018,913,0,0.07,0,1400110000
"阿米巴性痢疾","Amebic Dysentery",2017,1045,0,0.08,0,1392320000
"阿米巴性痢疾","Amebic Dysentery",2016,1221,0,0.09,0,1383260000
"阿米巴性痢疾","Amebic Dysentery",2015,1187,0,0.09,0,1376460000
"阿米巴性痢疾","Amebic Dysentery",2014,1263,0,0.09,0,1367260000
"阿米巴性痢疾","Amebic Dysentery",2013,1366,0,0.1,0,1359220000
"阿米巴性痢疾","Amebic Dysentery",2012,1457,0,0.11,0,1349160000
"阿米巴性痢疾","Amebic Dysentery",2011,1609,1,0.12,0,1340910000
"阿米巴性痢疾","Amebic Dysentery",2010,2189,1,0.16,0,1334500000
"阿米巴性痢疾","Amebic Dysentery",2009,2252,1,0.17,0,1328020000
"阿米巴性痢疾","Amebic Dysentery",2008,2904,1,0.22,0,1321290000
"阿米巴性痢疾","Amebic Dysentery",2007,3372,1,0.26,0,1314480000
"阿米巴性痢疾","Amebic Dysentery",2006,3368,0,0.26,0,1307560000
"阿米巴性痢疾","Amebic Dysentery",2005,3308,2,0.25,0,1299880000
"阿米巴性痢疾","Amebic Dysentery",2004,3533,1,0.27,0,1292270000
"炭疽","Anthrax",2023,434,2,0.0308,1e-4,1411750000
"炭疽","Anthrax",2022,349,2,0.02,1e-4,1412600000
"炭疽","Anthrax",2021,392,2,0.0278,1e-4,1412120000
"炭疽","Anthrax",2020,224,0,0.02,0,1410080000
"炭疽","Anthrax",2019,297,1,0.02,0,1405410000
"炭疽","Anthrax",2018,336,3,0.02,0,1400110000
"炭疽","Anthrax",2017,318,3,0.02,0,1392320000
"炭疽","Anthrax",2016,374,2,0.03,0,1383260000
"炭疽","Anthrax",2015,288,1,0.02,0,1376460000
"炭疽","Anthrax",2014,248,3,0.02,0,1367260000
"炭疽","Anthrax",2013,193,1,0.01,0,1359220000
"炭疽","Anthrax",2012,237,1,0.02,0,1349160000
"炭疽","Anthrax",2011,309,3,0.02,0,1340910000
"炭疽","Anthrax",2010,289,6,0.02,0,1334500000
"炭疽","Anthrax",2009,351,3,0.03,0,1328020000
"炭疽","Anthrax",2008,336,1,0.03,0,1321290000
"炭疽","Anthrax",2007,421,1,0.03,0,1314480000
"炭疽","Anthrax",2006,451,12,0.03,0,1307560000
"炭疽","Anthrax",2005,532,12,0.04,0,1299880000
"炭疽","Anthrax",2004,611,7,0.05,0,1292270000
"细菌性痢疾","Bacillary Dysentery",2020,57150,2,4.07,0,1410080000
"细菌性痢疾","Bacillary Dysentery",2019,80300,1,5.75,0,1405410000
"细菌性痢疾","Bacillary Dysentery",2018,90239,1,6.5,0,1400110000
"细菌性痢疾","Bacillary Dysentery",2017,108323,2,7.85,0,1392320000
"细菌性痢疾","Bacillary Dysentery",2016,122062,4,8.9,0,1383260000
"细菌性痢疾","Bacillary Dysentery",2015,137730,7,10.11,0,1376460000
"细菌性痢疾","Bacillary Dysentery",2014,152322,4,11.24,0,1367260000
"细菌性痢疾","Bacillary Dysentery",2013,187303,13,13.83,0,1359220000
"细菌性痢疾","Bacillary Dysentery",2012,205972,13,15.29,0,1349160000
"细菌性痢疾","Bacillary Dysentery",2011,236321,23,17.62,0,1340910000
"细菌性痢疾","Bacillary Dysentery",2010,250059,35,18.73,0,1334500000
"细菌性痢疾","Bacillary Dysentery",2009,269299,37,20.28,0,1328020000
"细菌性痢疾","Bacillary Dysentery",2008,309618,55,23.43,0,1321290000
"细菌性痢疾","Bacillary Dysentery",2007,364610,70,27.74,0.01,1314480000
"细菌性痢疾","Bacillary Dysentery",2006,419764,111,32.1,0.01,1307560000
"细菌性痢疾","Bacillary Dysentery",2005,453233,135,34.87,0.01,1299880000
"细菌性痢疾","Bacillary Dysentery",2004,494346,140,38.03,0.01,1292270000
"布鲁氏菌病","Brucellosis",2023,70439,0,4.9966,0,1411750000
"布鲁氏菌病","Brucellosis",2022,66138,0,4.69,0,1412600000
"布鲁氏菌病","Brucellosis",2021,69767,3,4.9488,2e-4,1412120000
"布鲁氏菌病","Brucellosis",2020,47245,0,3.37,0,1410080000
"布鲁氏菌病","Brucellosis",2019,44036,1,3.15,0,1405410000
"布鲁氏菌病","Brucellosis",2018,37947,0,2.73,0,1400110000
"布鲁氏菌病","Brucellosis",2017,38554,1,2.79,0,1392320000
"布鲁氏菌病","Brucellosis",2016,47139,2,3.44,0,1383260000
"布鲁氏菌病","Brucellosis",2015,56989,1,4.18,0,1376460000
"布鲁氏菌病","Brucellosis",2014,57222,2,4.22,0,1367260000
"布鲁氏菌病","Brucellosis",2013,43486,0,3.21,0,1359220000
"布鲁氏菌病","Brucellosis",2012,39515,1,2.93,0,1349160000
"布鲁氏菌病","Brucellosis",2011,38151,0,2.85,0,1340910000
"布鲁氏菌病","Brucellosis",2010,33772,1,2.53,0,1334500000
"布鲁氏菌病","Brucellosis",2009,35816,0,2.7,0,1328020000
"布鲁氏菌病","Brucellosis",2008,27767,0,2.1,0,1321290000
"布鲁氏菌病","Brucellosis",2007,19721,1,1.5,0,1314480000
"布鲁氏菌病","Brucellosis",2006,19013,0,1.45,0,1307560000
"布鲁氏菌病","Brucellosis",2005,18416,4,1.42,0,1299880000
"布鲁氏菌病","Brucellosis",2004,11472,3,0.88,0,1292270000
"登革热","Dengue Fever",2023,19541,1,1.3861,1e-4,1411750000
"登革热","Dengue Fever",2022,547,0,0.04,0,1412600000
"登革热","Dengue Fever",2021,41,0,0.0029,0,1412120000
"登革热","Dengue Fever",2020,778,0,0.06,0,1410080000
"登革热","Dengue Fever",2019,22188,3,1.59,0,1405410000
"登革热","Dengue Fever",2018,5136,1,0.37,0,1400110000
"登革热","Dengue Fever",2017,5893,2,0.43,0,1392320000
"登革热","Dengue Fever",2016,2050,0,0.15,0,1383260000
"登革热","Dengue Fever",2015,3858,0,0.28,0,1376460000
"登革热","Dengue Fever",2014,46864,6,3.46,0,1367260000
"登革热","Dengue Fever",2013,4663,0,0.34,0,1359220000
"登革热","Dengue Fever",2012,575,0,0.04,0,1349160000
"登革热","Dengue Fever",2011,120,0,0.01,0,1340910000
"登革热","Dengue Fever",2010,223,0,0.02,0,1334500000
"登革热","Dengue Fever",2009,305,0,0.02,0,1328020000
"登革热","Dengue Fever",2008,202,0,0.02,0,1321290000
"登革热","Dengue Fever",2007,539,0,0.04,0,1314480000
"登革热","Dengue Fever",2006,1044,0,0.08,0,1307560000
"登革热","Dengue Fever",2005,40,1,0,0,1299880000
"登革热","Dengue Fever",2004,247,0,0.02,0,1292270000
"白喉","Diphtheria",2023,0,0,0,0,1411750000
"白喉","Diphtheria",2021,0,0,0,0,1412120000
"白喉","Diphtheria",2020,2,0,0,0,1410080000
"白喉","Diphtheria",2019,0,0,0,0,1405410000
"白喉","Diphtheria",2018,0,0,0,0,1400110000
"白喉","Diphtheria",2017,0,0,0,0,1392320000
"白喉","Diphtheria",2016,0,0,0,0,1383260000
"白喉","Diphtheria",2015,0,0,0,0,1376460000
"白喉","Diphtheria",2014,0,0,0,0,1367260000
"白喉","Diphtheria",2013,0,0,0,0,1359220000
"白喉","Diphtheria",2012,0,0,0,0,1349160000
"白喉","Diphtheria",2011,0,0,0,0,1340910000
"白喉","Diphtheria",2010,0,0,0,0,1334500000
"白喉","Diphtheria",2009,0,0,0,0,1328020000
"白喉","Diphtheria",2008,0,0,0,0,1321290000
"白喉","Diphtheria",2007,0,0,0,0,1314480000
"白喉","Diphtheria",2006,1,0,0,0,1307560000
"白喉","Diphtheria",2005,0,0,0,0,1299880000
"白喉","Diphtheria",2004,2,0,0,0,1292270000
"细菌性和阿米巴性痢疾","Dysentery",2023,37114,2,2.6327,1e-4,1411750000
"细菌性和阿米巴性痢疾","Dysentery",2022,35951,1,2.55,1e-4,1412600000
"细菌性和阿米巴性痢疾","Dysentery",2021,50403,3,3.5752,2e-4,1412120000
"细菌性和阿米巴性痢疾","Dysentery",2020,57820,2,4.12,0,1410080000
"细菌性和阿米巴性痢疾","Dysentery",2019,81075,1,5.81,0,1405410000
"细菌性和阿米巴性痢疾","Dysentery",2018,91152,1,6.56,0,1400110000
"细菌性和阿米巴性痢疾","Dysentery",2017,109368,2,7.93,0,1392320000
"细菌性和阿米巴性痢疾","Dysentery",2016,123283,4,8.99,0,1383260000
"细菌性和阿米巴性痢疾","Dysentery",2015,138917,7,10.2,0,1376460000
"细菌性和阿米巴性痢疾","Dysentery",2014,153585,4,11.33,0,1367260000
"细菌性和阿米巴性痢疾","Dysentery",2013,188669,13,13.93,0,1359220000
"细菌性和阿米巴性痢疾","Dysentery",2012,207429,13,15.4,0,1349160000
"细菌性和阿米巴性痢疾","Dysentery",2011,237930,24,17.74,0,1340910000
"细菌性和阿米巴性痢疾","Dysentery",2010,252248,36,18.9,0,1334500000
"细菌性和阿米巴性痢疾","Dysentery",2009,271551,38,20.45,0,1328020000
"细菌性和阿米巴性痢疾","Dysentery",2008,312522,56,23.65,0,1321290000
"细菌性和阿米巴性痢疾","Dysentery",2007,367982,71,27.99,0.01,1314480000
"细菌性和阿米巴性痢疾","Dysentery",2006,423132,111,32.36,0.01,1307560000
"细菌性和阿米巴性痢疾","Dysentery",2005,456541,137,35.12,0.01,1299880000
"细菌性和阿米巴性痢疾","Dysentery",2004,497879,141,38.3,0.01,1292270000
"淋病","Gonorrhea",2023,103613,0,7.3497,0,1411750000
"淋病","Gonorrhea",2022,96313,1,6.83,1e-4,1412600000
"淋病","Gonorrhea",2021,127803,0,9.0655,0,1412120000
"淋病","Gonorrhea",2020,105160,0,7.49,0,1410080000
"淋病","Gonorrhea",2019,117938,0,8.45,0,1405410000
"淋病","Gonorrhea",2018,133156,1,9.59,0,1400110000
"淋病","Gonorrhea",2017,138855,1,10.06,0,1392320000
"淋病","Gonorrhea",2016,115024,1,8.39,0,1383260000
"淋病","Gonorrhea",2015,100245,1,7.36,0,1376460000
"淋病","Gonorrhea",2014,95473,2,7.05,0,1367260000
"淋病","Gonorrhea",2013,99659,1,7.36,0,1359220000
"淋病","Gonorrhea",2012,91853,1,6.82,0,1349160000
"淋病","Gonorrhea",2011,97954,1,7.31,0,1340910000
"淋病","Gonorrhea",2010,105544,1,7.91,0,1334500000
"淋病","Gonorrhea",2009,119824,0,9.02,0,1328020000
"淋病","Gonorrhea",2008,130818,1,9.9,0,1321290000
"淋病","Gonorrhea",2007,145597,0,11.08,0,1314480000
"淋病","Gonorrhea",2006,158795,3,12.14,0,1307560000
"淋病","Gonorrhea",2005,180316,1,13.87,0,1299880000
"淋病","Gonorrhea",2004,225421,4,17.34,0,1292270000
"流行性出血热","Hemorrhagic Fever",2023,5360,12,0.3802,9e-4,1411750000
"流行性出血热","Hemorrhagic Fever",2022,5218,34,0.37,0.0024,1412600000
"流行性出血热","Hemorrhagic Fever",2021,9187,64,0.6517,0.0045,1412120000
"流行性出血热","Hemorrhagic Fever",2020,8121,48,0.58,0,1410080000
"流行性出血热","Hemorrhagic Fever",2019,9596,44,0.69,0,1405410000
"流行性出血热","Hemorrhagic Fever",2018,11966,97,0.86,0.01,1400110000
"流行性出血热","Hemorrhagic Fever",2017,11262,64,0.82,0,1392320000
"流行性出血热","Hemorrhagic Fever",2016,8853,48,0.65,0,1383260000
"流行性出血热","Hemorrhagic Fever",2015,10314,62,0.76,0,1376460000
"流行性出血热","Hemorrhagic Fever",2014,11522,79,0.85,0.01,1367260000
"流行性出血热","Hemorrhagic Fever",2013,12810,109,0.95,0.01,1359220000
"流行性出血热","Hemorrhagic Fever",2012,13308,104,0.99,0.01,1349160000
"流行性出血热","Hemorrhagic Fever",2011,10779,119,0.8,0.01,1340910000
"流行性出血热","Hemorrhagic Fever",2010,9526,118,0.71,0.01,1334500000
"流行性出血热","Hemorrhagic Fever",2009,8745,104,0.66,0.01,1328020000
"流行性出血热","Hemorrhagic Fever",2008,9039,103,0.68,0.01,1321290000
"流行性出血热","Hemorrhagic Fever",2007,11063,145,0.84,0.01,1314480000
"流行性出血热","Hemorrhagic Fever",2006,15098,173,1.15,0.01,1307560000
"流行性出血热","Hemorrhagic Fever",2005,20877,271,1.61,0.02,1299880000
"流行性出血热","Hemorrhagic Fever",2004,25041,254,1.93,0.02,1292270000
"未分型肝炎","Hepatitis (Unspecified)",2023,6755,0,0.4792,0,1411750000
"未分型肝炎","Hepatitis (Unspecified)",2020,8203,3,0.58,0,1410080000
"未分型肝炎","Hepatitis (Unspecified)",2019,12961,7,0.93,0,1405410000
"未分型肝炎","Hepatitis (Unspecified)",2018,15500,2,1.12,0,1400110000
"未分型肝炎","Hepatitis (Unspecified)",2017,19284,3,1.4,0,1392320000
"未分型肝炎","Hepatitis (Unspecified)",2016,22761,4,1.66,0,1383260000
"未分型肝炎","Hepatitis (Unspecified)",2015,26998,6,1.98,0,1376460000
"未分型肝炎","Hepatitis (Unspecified)",2014,31559,11,2.33,0,1367260000
"未分型肝炎","Hepatitis (Unspecified)",2013,35597,16,2.63,0,1359220000
"未分型肝炎","Hepatitis (Unspecified)",2012,40368,24,3,0,1349160000
"未分型肝炎","Hepatitis (Unspecified)",2011,44479,16,3.32,0,1340910000
"未分型肝炎","Hepatitis (Unspecified)",2010,45402,28,3.4,0,1334500000
"未分型肝炎","Hepatitis (Unspecified)",2009,49448,40,3.72,0,1328020000
"未分型肝炎","Hepatitis (Unspecified)",2008,55072,57,4.17,0,1321290000
"未分型肝炎","Hepatitis (Unspecified)",2007,65392,79,4.97,0.01,1314480000
"未分型肝炎","Hepatitis (Unspecified)",2006,67374,106,5.15,0.01,1307560000
"未分型肝炎","Hepatitis (Unspecified)",2005,71241,116,5.48,0.01,1299880000
"甲型肝炎","Hepatitis A",2023,11559,0,0.8199,0,1411750000
"甲型肝炎","Hepatitis A",2022,10438,0,0.74,0,1412600000
"甲型肝炎","Hepatitis A",2021,11979,1,0.8497,1e-4,1412120000
"甲型肝炎","Hepatitis A",2020,14815,3,1.06,0,1410080000
"甲型肝炎","Hepatitis A",2019,19271,3,1.38,0,1405410000
"甲型肝炎","Hepatitis A",2018,16196,3,1.17,0,1400110000
"甲型肝炎","Hepatitis A",2017,18875,4,1.37,0,1392320000
"甲型肝炎","Hepatitis A",2016,21285,5,1.55,0,1383260000
"甲型肝炎","Hepatitis A",2015,22667,10,1.66,0,1376460000
"甲型肝炎","Hepatitis A",2014,25969,8,1.92,0,1367260000
"甲型肝炎","Hepatitis A",2013,22244,2,1.64,0,1359220000
"甲型肝炎","Hepatitis A",2012,24453,5,1.81,0,1349160000
"甲型肝炎","Hepatitis A",2011,31456,13,2.35,0,1340910000
"甲型肝炎","Hepatitis A",2010,35277,4,2.64,0,1334500000
"甲型肝炎","Hepatitis A",2009,43841,21,3.3,0,1328020000
"甲型肝炎","Hepatitis A",2008,56052,10,4.24,0,1321290000
"甲型肝炎","Hepatitis A",2007,77135,29,5.87,0,1314480000
"甲型肝炎","Hepatitis A",2006,68667,37,5.25,0,1307560000
"甲型肝炎","Hepatitis A",2005,73349,43,5.64,0,1299880000
"甲型肝炎","Hepatitis A",2004,93587,40,7.2,0,1292270000
"乙型肝炎","Hepatitis B",2023,1052998,244,74.694,0.0173,1411750000
"乙型肝炎","Hepatitis B",2022,891614,282,63.21,0.02,1412600000
"乙型肝炎","Hepatitis B",2021,976233,413,69.2473,0.0293,1412120000
"乙型肝炎","Hepatitis B",2020,902476,464,64.29,0.03,1410080000
"乙型肝炎","Hepatitis B",2019,1002292,447,71.77,0.03,1405410000
"乙型肝炎","Hepatitis B",2018,999985,413,71.99,0.03,1400110000
"乙型肝炎","Hepatitis B",2017,1001952,425,72.61,0.03,1392320000
"乙型肝炎","Hepatitis B",2016,942268,405,68.74,0.03,1383260000
"乙型肝炎","Hepatitis B",2015,934215,352,68.57,0.03,1376460000
"乙型肝炎","Hepatitis B",2014,935702,360,69.05,0.03,1367260000
"乙型肝炎","Hepatitis B",2013,962974,550,71.12,0.04,1359220000
"乙型肝炎","Hepatitis B",2012,1087086,582,80.68,0.04,1349160000
"乙型肝炎","Hepatitis B",2011,1093335,637,81.54,0.05,1340910000
"乙型肝炎","Hepatitis B",2010,1060582,689,79.46,0.05,1334500000
"乙型肝炎","Hepatitis B",2009,1179607,792,88.82,0.06,1328020000
"乙型肝炎","Hepatitis B",2008,1169569,831,88.52,0.06,1321290000
"乙型肝炎","Hepatitis B",2007,1169946,854,89,0.06,1314480000
"乙型肝炎","Hepatitis B",2006,1109130,995,84.82,0.08,1307560000
"乙型肝炎","Hepatitis B",2005,982298,908,75.57,0.07,1299880000
"乙型肝炎","Hepatitis B",2004,916426,783,70.5,0.06,1292270000
"丙型肝炎","Hepatitis C",2023,177199,2146,12.5695,0.1522,1411750000
"丙型肝炎","Hepatitis C",2022,172086,141,12.2,0.01,1412600000
"丙型肝炎","Hepatitis C",2021,202771,89,14.3832,0.0063,1412120000
"丙型肝炎","Hepatitis C",2020,194066,106,13.82,0.01,1410080000
"丙型肝炎","Hepatitis C",2019,223660,102,16.02,0.01,1405410000
"丙型肝炎","Hepatitis C",2018,219375,99,15.79,0.01,1400110000
"丙型肝炎","Hepatitis C",2017,214023,120,15.51,0.01,1392320000
"丙型肝炎","Hepatitis C",2016,206832,108,15.09,0.01,1383260000
"丙型肝炎","Hepatitis C",2015,207897,95,15.26,0.01,1376460000
"丙型肝炎","Hepatitis C",2014,202803,121,14.97,0.01,1367260000
"丙型肝炎","Hepatitis C",2013,203155,153,15,0.01,1359220000
"丙型肝炎","Hepatitis C",2012,201622,108,14.96,0.01,1349160000
"丙型肝炎","Hepatitis C",2011,173872,125,12.97,0.01,1340910000
"丙型肝炎","Hepatitis C",2010,153039,128,11.47,0.01,1334500000
"丙型肝炎","Hepatitis C",2009,131849,141,9.93,0.01,1328020000
"丙型肝炎","Hepatitis C",2008,108446,123,8.21,0.01,1321290000
"丙型肝炎","Hepatitis C",2007,92378,115,7.03,0.01,1314480000
"丙型肝炎","Hepatitis C",2006,70681,160,5.41,0.01,1307560000
"丙型肝炎","Hepatitis C",2005,52927,93,4.07,0.01,1299880000
"丙型肝炎","Hepatitis C",2004,39381,82,3.03,0.01,1292270000
"丁型肝炎","Hepatitis D",2023,191,0,0.0135,0,1411750000
"丁型肝炎","Hepatitis D",2020,187,0,0.01,0,1410080000
"丁型肝炎","Hepatitis D",2019,352,0,0.03,0,1405410000
"丁型肝炎","Hepatitis D",2018,356,0,0.03,0,1400110000
"戊型肝炎","Hepatitis E",2023,29771,7,2.1118,5e-4,1411750000
"戊型肝炎","Hepatitis E",2022,25390,0,1.8,0,1412600000
"戊型肝炎","Hepatitis E",2021,26049,14,1.8477,0.001,1412120000
"戊型肝炎","Hepatitis E",2020,19034,12,1.36,0,1410080000
"戊型肝炎","Hepatitis E",2019,28155,16,2.02,0,1405410000
"戊型肝炎","Hepatitis E",2018,28603,14,2.06,0,1400110000
"戊型肝炎","Hepatitis E",2017,29014,21,2.1,0,1392320000
"戊型肝炎","Hepatitis E",2016,27922,15,2.04,0,1383260000
"戊型肝炎","Hepatitis E",2015,27169,11,1.99,0,1376460000
"戊型肝炎","Hepatitis E",2014,26988,15,1.99,0,1367260000
"戊型肝炎","Hepatitis E",2013,27902,18,2.06,0,1359220000
"戊型肝炎","Hepatitis E",2012,27271,28,2.02,0,1349160000
"戊型肝炎","Hepatitis E",2011,29202,39,2.18,0,1340910000
"戊型肝炎","Hepatitis E",2010,23682,35,1.77,0,1334500000
"戊型肝炎","Hepatitis E",2009,20275,24,1.53,0,1328020000
"戊型肝炎","Hepatitis E",2008,18525,28,1.4,0,1321290000
"戊型肝炎","Hepatitis E",2007,20577,45,1.57,0,1314480000
"戊型肝炎","Hepatitis E",2006,19007,54,1.45,0,1307560000
"戊型肝炎","Hepatitis E",2005,15541,48,1.2,0,1299880000
"戊型肝炎","Hepatitis E",2004,16444,39,1.27,0,1292270000
"人感染高致病性禽流感","Human Avian Influenza",2023,1,0,1e-4,0,1411750000
"人感染高致病性禽流感","Human Avian Influenza",2023,0,0,0,0,1411750000
"人感染高致病性禽流感","Human Avian Influenza",2022,1,0,0,0,1412600000
"人感染高致病性禽流感","Human Avian Influenza",2021,0,0,0,0,1412120000
"人感染高致病性禽流感","Human Avian Influenza",2020,0,0,0,0,1410080000
"人感染高致病性禽流感","Human Avian Influenza",2019,0,0,0,0,1405410000
"人感染高致病性禽流感","Human Avian Influenza",2018,0,0,0,0,1400110000
"人感染高致病性禽流感","Human Avian Influenza",2017,0,0,0,0,1392320000
"人感染高致病性禽流感","Human Avian Influenza",2016,0,1,0,0,1383260000
"人感染高致病性禽流感","Human Avian Influenza",2015,6,3,0,0,1376460000
"人感染高致病性禽流感","Human Avian Influenza",2014,3,1,0,0,1367260000
"人感染高致病性禽流感","Human Avian Influenza",2013,2,2,0,0,1359220000
"人感染高致病性禽流感","Human Avian Influenza",2012,1,1,0,0,1349160000
"人感染高致病性禽流感","Human Avian Influenza",2011,1,1,0,0,1340910000
"人感染高致病性禽流感","Human Avian Influenza",2010,1,1,0,0,1334500000
"人感染高致病性禽流感","Human Avian Influenza",2009,7,4,0,0,1328020000
"人感染高致病性禽流感","Human Avian Influenza",2008,4,4,0,0,1321290000
"人感染高致病性禽流感","Human Avian Influenza",2007,4,2,0,0,1314480000
"人感染高致病性禽流感","Human Avian Influenza",2006,12,8,0,0,1307560000
"人感染高致病性禽流感","Human Avian Influenza",2005,7,5,0,0,1299880000
"流行性乙型脑炎","Japanese Encephalitis",2023,205,7,0.0145,5e-4,1411750000
"流行性乙型脑炎","Japanese Encephalitis",2022,146,5,0.01,2e-4,1412600000
"流行性乙型脑炎","Japanese Encephalitis",2021,207,6,0.0147,4e-4,1412120000
"流行性乙型脑炎","Japanese Encephalitis",2020,288,9,0.02,0,1410080000
"流行性乙型脑炎","Japanese Encephalitis",2019,416,13,0.03,0,1405410000
"流行性乙型脑炎","Japanese Encephalitis",2018,1800,135,0.13,0.01,1400110000
"流行性乙型脑炎","Japanese Encephalitis",2017,1147,79,0.08,0.01,1392320000
"流行性乙型脑炎","Japanese Encephalitis",2016,1237,47,0.09,0,1383260000
"流行性乙型脑炎","Japanese Encephalitis",2015,624,19,0.05,0,1376460000
"流行性乙型脑炎","Japanese Encephalitis",2014,858,29,0.06,0,1367260000
"流行性乙型脑炎","Japanese Encephalitis",2013,2178,64,0.16,0,1359220000
"流行性乙型脑炎","Japanese Encephalitis",2012,1763,59,0.13,0,1349160000
"流行性乙型脑炎","Japanese Encephalitis",2011,1625,63,0.12,0,1340910000
"流行性乙型脑炎","Japanese Encephalitis",2010,2541,92,0.19,0.01,1334500000
"流行性乙型脑炎","Japanese Encephalitis",2009,3913,172,0.29,0.01,1328020000
"流行性乙型脑炎","Japanese Encephalitis",2008,2975,142,0.23,0.01,1321290000
"流行性乙型脑炎","Japanese Encephalitis",2007,4330,227,0.33,0.02,1314480000
"流行性乙型脑炎","Japanese Encephalitis",2006,7643,463,0.58,0.04,1307560000
"流行性乙型脑炎","Japanese Encephalitis",2005,5097,214,0.39,0.02,1299880000
"流行性乙型脑炎","Japanese Encephalitis",2004,5422,200,0.42,0.02,1292270000
"钩端螺旋体病","Leptospirosis",2023,302,0,0.0214,0,1411750000
"钩端螺旋体病","Leptospirosis",2022,190,2,0.01,1e-4,1412600000
"钩端螺旋体病","Leptospirosis",2021,403,2,0.0286,1e-4,1412120000
"钩端螺旋体病","Leptospirosis",2020,297,8,0.02,0,1410080000
"钩端螺旋体病","Leptospirosis",2019,214,2,0.02,0,1405410000
"钩端螺旋体病","Leptospirosis",2018,157,1,0.01,0,1400110000
"钩端螺旋体病","Leptospirosis",2017,201,0,0.01,0,1392320000
"钩端螺旋体病","Leptospirosis",2016,354,1,0.03,0,1383260000
"钩端螺旋体病","Leptospirosis",2015,355,1,0.03,0,1376460000
"钩端螺旋体病","Leptospirosis",2014,498,6,0.04,0,1367260000
"钩端螺旋体病","Leptospirosis",2013,353,5,0.03,0,1359220000
"钩端螺旋体病","Leptospirosis",2012,440,5,0.03,0,1349160000
"钩端螺旋体病","Leptospirosis",2011,396,5,0.03,0,1340910000
"钩端螺旋体病","Leptospirosis",2010,677,11,0.05,0,1334500000
"钩端螺旋体病","Leptospirosis",2009,562,11,0.04,0,1328020000
"钩端螺旋体病","Leptospirosis",2008,862,18,0.07,0,1321290000
"钩端螺旋体病","Leptospirosis",2007,868,33,0.07,0,1314480000
"钩端螺旋体病","Leptospirosis",2006,627,16,0.05,0,1307560000
"钩端螺旋体病","Leptospirosis",2005,1415,45,0.11,0,1299880000
"钩端螺旋体病","Leptospirosis",2004,1389,55,0.11,0,1292270000
"疟疾","Malaria",2023,2313,12,0.1641,9e-4,1411750000
"疟疾","Malaria",2022,820,6,0.06,4e-4,1412600000
"疟疾","Malaria",2021,783,3,0.0555,2e-4,1412120000
"疟疾","Malaria",2020,1023,6,0.07,0,1410080000
"疟疾","Malaria",2019,2509,19,0.18,0,1405410000
"疟疾","Malaria",2018,2497,6,0.18,0,1400110000
"疟疾","Malaria",2017,2679,7,0.19,0,1392320000
"疟疾","Malaria",2016,3147,15,0.23,0,1383260000
"疟疾","Malaria",2015,3116,20,0.23,0,1376460000
"疟疾","Malaria",2014,2921,24,0.22,0,1367260000
"疟疾","Malaria",2013,3896,20,0.29,0,1359220000
"疟疾","Malaria",2012,2451,15,0.18,0,1349160000
"疟疾","Malaria",2011,4088,30,0.3,0,1340910000
"疟疾","Malaria",2010,7389,14,0.55,0,1334500000
"疟疾","Malaria",2009,14098,10,1.06,0,1328020000
"疟疾","Malaria",2008,26358,22,1.99,0,1321290000
"疟疾","Malaria",2007,46673,14,3.55,0,1314480000
"疟疾","Malaria",2006,60193,34,4.6,0,1307560000
"疟疾","Malaria",2005,39656,45,3.05,0,1299880000
"疟疾","Malaria",2004,37537,32,2.89,0,1292270000
"麻疹","Measles",2023,621,0,0.0441,0,1411750000
"麻疹","Measles",2022,552,NA,0.04,0,1412600000
"麻疹","Measles",2021,552,0,0.0392,0,1412120000
"麻疹","Measles",2020,856,0,0.06,0,1410080000
"麻疹","Measles",2019,2974,0,0.21,0,1405410000
"麻疹","Measles",2018,3940,1,0.28,0,1400110000
"麻疹","Measles",2017,5941,5,0.43,0,1392320000
"麻疹","Measles",2016,24820,18,1.81,0,1383260000
"麻疹","Measles",2015,42361,32,3.11,0,1376460000
"麻疹","Measles",2014,52628,28,3.88,0,1367260000
"麻疹","Measles",2013,27646,24,2.04,0,1359220000
"麻疹","Measles",2012,6183,8,0.46,0,1349160000
"麻疹","Measles",2011,9943,10,0.74,0,1340910000
"麻疹","Measles",2010,38159,27,2.86,0,1334500000
"麻疹","Measles",2009,52461,39,3.95,0,1328020000
"麻疹","Measles",2008,131441,102,9.95,0.01,1321290000
"麻疹","Measles",2007,109023,66,8.29,0.01,1314480000
"麻疹","Measles",2006,99602,35,7.62,0,1307560000
"麻疹","Measles",2005,123136,55,9.47,0,1299880000
"麻疹","Measles",2004,70549,26,5.43,0,1292270000
"流行性脑脊髓膜炎","Meningococcal Meningitis",2023,90,1,0.0064,1e-4,1411750000
"流行性脑脊髓膜炎","Meningococcal Meningitis",2022,59,3,0,4e-4,1412600000
"流行性脑脊髓膜炎","Meningococcal Meningitis",2021,63,5,0.0045,4e-4,1412120000
"流行性脑脊髓膜炎","Meningococcal Meningitis",2020,50,3,0,0,1410080000
"流行性脑脊髓膜炎","Meningococcal Meningitis",2019,111,6,0.01,0,1405410000
"流行性脑脊髓膜炎","Meningococcal Meningitis",2018,104,10,0.01,0,1400110000
"流行性脑脊髓膜炎","Meningococcal Meningitis",2017,118,19,0.01,0,1392320000
"流行性脑脊髓膜炎","Meningococcal Meningitis",2016,101,10,0.01,0,1383260000
"流行性脑脊髓膜炎","Meningococcal Meningitis",2015,106,13,0.01,0,1376460000
"流行性脑脊髓膜炎","Meningococcal Meningitis",2014,170,12,0.01,0,1367260000
"流行性脑脊髓膜炎","Meningococcal Meningitis",2013,213,21,0.02,0,1359220000
"流行性脑脊髓膜炎","Meningococcal Meningitis",2012,195,24,0.01,0,1349160000
"流行性脑脊髓膜炎","Meningococcal Meningitis",2011,228,25,0.02,0,1340910000
"流行性脑脊髓膜炎","Meningococcal Meningitis",2010,325,33,0.02,0,1334500000
"流行性脑脊髓膜炎","Meningococcal Meningitis",2009,625,73,0.05,0.01,1328020000
"流行性脑脊髓膜炎","Meningococcal Meningitis",2008,922,110,0.07,0.01,1321290000
"流行性脑脊髓膜炎","Meningococcal Meningitis",2007,1198,124,0.09,0.01,1314480000
"流行性脑脊髓膜炎","Meningococcal Meningitis",2006,1669,156,0.13,0.01,1307560000
"流行性脑脊髓膜炎","Meningococcal Meningitis",2005,2318,206,0.18,0.02,1299880000
"流行性脑脊髓膜炎","Meningococcal Meningitis",2004,2698,165,0.21,0.01,1292270000
"新生儿破伤风","Neonatal Tetanus",2023,21,0,0.0015,0,1411750000
"新生儿破伤风","Neonatal Tetanus",2022,19,1,0,1e-4,1412600000
"新生儿破伤风","Neonatal Tetanus",2021,23,1,0.0019,1e-4,1412120000
"新生儿破伤风","Neonatal Tetanus",2020,34,1,0,0,1410080000
"新生儿破伤风","Neonatal Tetanus",2019,65,5,0,0,1405410000
"新生儿破伤风","Neonatal Tetanus",2018,83,4,0.01,0,1400110000
"新生儿破伤风","Neonatal Tetanus",2017,93,3,0.01,0,1392320000
"新生儿破伤风","Neonatal Tetanus",2016,177,3,0.01,0,1383260000
"新生儿破伤风","Neonatal Tetanus",2015,306,17,0.02,0,1376460000
"新生儿破伤风","Neonatal Tetanus",2014,426,15,0.03,0,1367260000
"新生儿破伤风","Neonatal Tetanus",2013,492,45,0.04,0,1359220000
"新生儿破伤风","Neonatal Tetanus",2012,656,51,0.05,0,1349160000
"新生儿破伤风","Neonatal Tetanus",2011,785,52,0.06,0,1340910000
"新生儿破伤风","Neonatal Tetanus",2010,1057,86,0.08,0.01,1334500000
"新生儿破伤风","Neonatal Tetanus",2009,1412,137,0.11,0.01,1328020000
"新生儿破伤风","Neonatal Tetanus",2008,1786,191,0.14,0.01,1321290000
"新生儿破伤风","Neonatal Tetanus",2007,2112,207,0.16,0.02,1314480000
"新生儿破伤风","Neonatal Tetanus",2006,2519,263,0.19,0.02,1307560000
"新生儿破伤风","Neonatal Tetanus",2005,2761,306,0.21,0.02,1299880000
"新生儿破伤风","Neonatal Tetanus",2004,2954,300,0.23,0.02,1292270000
"副伤寒","Paratyphoid Fever",2020,1643,0,0.12,0,1410080000
"副伤寒","Paratyphoid Fever",2019,2266,0,0.16,0,1405410000
"副伤寒","Paratyphoid Fever",2018,2784,1,0.2,0,1400110000
"副伤寒","Paratyphoid Fever",2017,2017,0,0.15,0,1392320000
"副伤寒","Paratyphoid Fever",2016,2311,0,0.17,0,1383260000
"副伤寒","Paratyphoid Fever",2015,2793,0,0.2,0,1376460000
"副伤寒","Paratyphoid Fever",2014,3308,0,0.24,0,1367260000
"副伤寒","Paratyphoid Fever",2013,3414,0,0.25,0,1359220000
"副伤寒","Paratyphoid Fever",2012,3182,0,0.24,0,1349160000
"副伤寒","Paratyphoid Fever",2011,3030,0,0.23,0,1340910000
"副伤寒","Paratyphoid Fever",2010,4325,0,0.32,0,1334500000
"副伤寒","Paratyphoid Fever",2009,4511,2,0.34,0,1328020000
"副伤寒","Paratyphoid Fever",2008,4695,3,0.36,0,1321290000
"副伤寒","Paratyphoid Fever",2007,7486,0,0.57,0,1314480000
"副伤寒","Paratyphoid Fever",2006,9669,4,0.74,0,1307560000
"副伤寒","Paratyphoid Fever",2005,12426,5,0.96,0,1299880000
"副伤寒","Paratyphoid Fever",2004,16366,2,1.26,0,1292270000
"百日咳","Pertussis",2023,41124,5,2.9171,4e-4,1411750000
"百日咳","Pertussis",2022,38295,2,2.71,1e-4,1412600000
"百日咳","Pertussis",2021,9611,2,0.6817,1e-4,1412120000
"百日咳","Pertussis",2020,4475,1,0.32,0,1410080000
"百日咳","Pertussis",2019,30027,2,2.15,0,1405410000
"百日咳","Pertussis",2018,22057,2,1.59,0,1400110000
"百日咳","Pertussis",2017,10390,0,0.75,0,1392320000
"百日咳","Pertussis",2016,5584,3,0.41,0,1383260000
"百日咳","Pertussis",2015,6658,2,0.49,0,1376460000
"百日咳","Pertussis",2014,3408,2,0.25,0,1367260000
"百日咳","Pertussis",2013,1712,0,0.13,0,1359220000
"百日咳","Pertussis",2012,2183,1,0.16,0,1349160000
"百日咳","Pertussis",2011,2517,2,0.19,0,1340910000
"百日咳","Pertussis",2010,1764,1,0.13,0,1334500000
"百日咳","Pertussis",2009,1612,1,0.12,0,1328020000
"百日咳","Pertussis",2008,2387,1,0.18,0,1321290000
"百日咳","Pertussis",2007,2881,0,0.22,0,1314480000
"百日咳","Pertussis",2006,2547,4,0.19,0,1307560000
"百日咳","Pertussis",2005,3844,2,0.3,0,1299880000
"百日咳","Pertussis",2004,4705,9,0.36,0,1292270000
"脊髓灰质炎","Poliomyelitis",2023,0,0,0,0,1411750000
"肺结核","Pulmonary Tuberculosis",2023,613091,2167,43.4893,0.1537,1411750000
"肺结核","Pulmonary Tuberculosis",2022,560847,2205,39.76,0.1563,1412600000
"肺结核","Pulmonary Tuberculosis",2021,639548,1763,45.3651,0.1251,1412120000
"肺结核","Pulmonary Tuberculosis",2020,670538,1919,47.76,0.14,1410080000
"肺结核","Pulmonary Tuberculosis",2019,775764,2990,55.55,0.21,1405410000
"肺结核","Pulmonary Tuberculosis",2018,823342,3149,59.27,0.23,1400110000
"肺结核","Pulmonary Tuberculosis",2017,835193,2823,60.53,0.2,1392320000
"肺结核","Pulmonary Tuberculosis",2016,836236,2465,61,0.18,1383260000
"肺结核","Pulmonary Tuberculosis",2015,864015,2280,63.42,0.17,1376460000
"肺结核","Pulmonary Tuberculosis",2014,889381,2240,65.63,0.17,1367260000
"肺结核","Pulmonary Tuberculosis",2013,904434,2576,66.8,0.19,1359220000
"肺结核","Pulmonary Tuberculosis",2012,951508,2662,70.62,0.2,1349160000
"肺结核","Pulmonary Tuberculosis",2011,953275,2840,71.09,0.21,1340910000
"肺结核","Pulmonary Tuberculosis",2010,991350,3000,74.27,0.22,1334500000
"肺结核","Pulmonary Tuberculosis",2009,1076938,3783,81.09,0.28,1328020000
"肺结核","Pulmonary Tuberculosis",2008,1169540,2802,88.52,0.21,1321290000
"肺结核","Pulmonary Tuberculosis",2007,1163959,3669,88.55,0.28,1314480000
"肺结核","Pulmonary Tuberculosis",2006,1127571,3339,86.23,0.26,1307560000
"肺结核","Pulmonary Tuberculosis",2005,1259309,3402,96.88,0.26,1299880000
"肺结核","Pulmonary Tuberculosis",2004,970279,1435,74.64,0.11,1292270000
"狂犬病","Rabies",2023,122,111,0.0087,0.0079,1411750000
"狂犬病","Rabies",2022,133,118,0.01,0.0084,1412600000
"狂犬病","Rabies",2021,157,150,0.0111,0.0106,1412120000
"狂犬病","Rabies",2020,202,188,0.01,0.01,1410080000
"狂犬病","Rabies",2019,290,276,0.02,0.02,1405410000
"狂犬病","Rabies",2018,422,410,0.03,0.03,1400110000
"狂犬病","Rabies",2017,516,502,0.04,0.04,1392320000
"狂犬病","Rabies",2016,644,592,0.05,0.04,1383260000
"狂犬病","Rabies",2015,801,744,0,0,1376460000
"狂犬病","Rabies",2014,924,854,0,0,1367260000
"狂犬病","Rabies",2013,1172,1128,0.01,0,1359220000
"狂犬病","Rabies",2012,1425,1361,0.11,0.1,1349160000
"狂犬病","Rabies",2011,1917,1879,0.01,0.01,1340910000
"狂犬病","Rabies",2010,2048,2014,0.01,0.01,1334500000
"狂犬病","Rabies",2009,2213,2131,0.01,0.01,1328020000
"狂犬病","Rabies",2008,2466,2373,0.01,0.01,1321290000
"狂犬病","Rabies",2007,3300,3300,0.01,0.01,1314480000
"狂犬病","Rabies",2006,3279,3215,0.01,0.01,1307560000
"狂犬病","Rabies",2005,2537,2537,0.01,0.01,1299880000
"狂犬病","Rabies",2004,2651,2651,0.2,0.2,1292270000
"传染性非典型肺炎","SARS",2020,0,0,0,0,1410080000
"传染性非典型肺炎","SARS",2019,0,0,0,0,1405410000
"传染性非典型肺炎","SARS",2018,0,0,0,0,1400110000
"传染性非典型肺炎","SARS",2017,0,0,0,0,1392320000
"传染性非典型肺炎","SARS",2016,0,0,0,0,1383260000
"传染性非典型肺炎","SARS",2015,0,0,0,0,1376460000
"传染性非典型肺炎","SARS",2014,0,0,0,0,1367260000
"传染性非典型肺炎","SARS",2013,0,0,0,0,1359220000
"传染性非典型肺炎","SARS",2012,0,0,0,0,1349160000
"传染性非典型肺炎","SARS",2011,0,0,0,0,1340910000
"传染性非典型肺炎","SARS",2010,0,0,0,0,1334500000
"传染性非典型肺炎","SARS",2009,0,0,0,0,1328020000
"传染性非典型肺炎","SARS",2008,0,0,0,0,1321290000
"传染性非典型肺炎","SARS",2007,0,0,0,0,1314480000
"传染性非典型肺炎","SARS",2006,0,0,0,0,1307560000
"传染性非典型肺炎","SARS",2005,0,0,0,0,1299880000
"猩红热","Scarlet Fever",2023,25819,0,1.8315,0,1411750000
"猩红热","Scarlet Fever",2022,20794,0,1.47,0,1412600000
"猩红热","Scarlet Fever",2021,29503,0,2.0927,0,1412120000
"猩红热","Scarlet Fever",2020,16564,1,1.18,0,1410080000
"猩红热","Scarlet Fever",2019,81737,0,5.85,0,1405410000
"猩红热","Scarlet Fever",2018,78864,0,5.68,0,1400110000
"猩红热","Scarlet Fever",2017,74369,0,5.39,0,1392320000
"猩红热","Scarlet Fever",2016,59282,0,4.32,0,1383260000
"猩红热","Scarlet Fever",2015,68249,1,5.01,0,1376460000
"猩红热","Scarlet Fever",2014,54247,0,4,0,1367260000
"猩红热","Scarlet Fever",2013,34207,2,2.53,0,1359220000
"猩红热","Scarlet Fever",2012,46459,2,3.45,0,1349160000
"猩红热","Scarlet Fever",2011,63878,1,4.76,0,1340910000
"猩红热","Scarlet Fever",2010,20876,0,1.56,0,1334500000
"猩红热","Scarlet Fever",2009,22068,0,1.66,0,1328020000
"猩红热","Scarlet Fever",2008,27782,0,2.1,0,1321290000
"猩红热","Scarlet Fever",2007,33488,1,2.55,0,1314480000
"猩红热","Scarlet Fever",2006,27620,0,2.11,0,1307560000
"猩红热","Scarlet Fever",2005,25068,2,1.93,0,1299880000
"猩红热","Scarlet Fever",2004,18939,1,1.46,0,1292270000
"血吸虫病","Schistosomiasis",2023,13,0,9e-4,0,1411750000
"血吸虫病","Schistosomiasis",2022,30,NA,0,0,1412600000
"血吸虫病","Schistosomiasis",2021,13,0,9e-4,0,1412120000
"血吸虫病","Schistosomiasis",2020,43,0,0,0,1410080000
"血吸虫病","Schistosomiasis",2019,113,0,0.01,0,1405410000
"血吸虫病","Schistosomiasis",2018,144,0,0.01,0,1400110000
"血吸虫病","Schistosomiasis",2017,1186,0,0.09,0,1392320000
"血吸虫病","Schistosomiasis",2016,2924,0,0.21,0,1383260000
"血吸虫病","Schistosomiasis",2015,34143,0,2.51,0,1376460000
"血吸虫病","Schistosomiasis",2014,4212,0,0.31,0,1367260000
"血吸虫病","Schistosomiasis",2013,5699,1,0.42,0,1359220000
"血吸虫病","Schistosomiasis",2012,4802,4,0.36,0,1349160000
"血吸虫病","Schistosomiasis",2011,4483,2,0.33,0,1340910000
"血吸虫病","Schistosomiasis",2010,4317,0,0.32,0,1334500000
"血吸虫病","Schistosomiasis",2009,3521,2,0.27,0,1328020000
"血吸虫病","Schistosomiasis",2008,2948,0,0.22,0,1321290000
"血吸虫病","Schistosomiasis",2007,2785,1,0.21,0,1314480000
"血吸虫病","Schistosomiasis",2006,3072,3,0.23,0,1307560000
"血吸虫病","Schistosomiasis",2005,3145,2,0.24,0,1299880000
"血吸虫病","Schistosomiasis",2004,1275,0,0.1,0,1292270000
"梅毒","Syphilis",2023,530116,16,37.6036,0.0011,1411750000
"梅毒","Syphilis",2022,441159,23,31.27,0.0016,1412600000
"梅毒","Syphilis",2021,480020,30,34.0493,0.0021,1412120000
"梅毒","Syphilis",2020,464435,54,33.08,0,1410080000
"梅毒","Syphilis",2019,535819,42,38.37,0,1405410000
"梅毒","Syphilis",2018,494867,39,35.62,0,1400110000
"梅毒","Syphilis",2017,475860,45,34.49,0,1392320000
"梅毒","Syphilis",2016,438199,53,31.97,0,1383260000
"梅毒","Syphilis",2015,433974,58,31.85,0,1376460000
"梅毒","Syphilis",2014,419091,69,30.93,0.01,1367260000
"梅毒","Syphilis",2013,406772,69,30.04,0.01,1359220000
"梅毒","Syphilis",2012,410074,79,30.44,0.01,1349160000
"梅毒","Syphilis",2011,395182,75,29.47,0.01,1340910000
"梅毒","Syphilis",2010,358534,69,26.86,0.01,1334500000
"梅毒","Syphilis",2009,306381,63,23.07,0,1328020000
"梅毒","Syphilis",2008,257474,60,19.49,0,1321290000
"梅毒","Syphilis",2007,208784,59,15.88,0,1314480000
"梅毒","Syphilis",2006,167370,86,12.8,0.01,1307560000
"梅毒","Syphilis",2005,126445,74,9.73,0.01,1299880000
"梅毒","Syphilis",2004,92573,37,7.12,0,1292270000
"伤寒","Typhoid Fever",2020,5368,5,0.38,0,1410080000
"伤寒","Typhoid Fever",2019,7008,0,0.5,0,1405410000
"伤寒","Typhoid Fever",2018,8059,1,0.58,0,1400110000
"伤寒","Typhoid Fever",2017,8774,3,0.64,0,1392320000
"伤寒","Typhoid Fever",2016,8588,1,0.63,0,1383260000
"伤寒","Typhoid Fever",2015,8844,1,0.65,0,1376460000
"伤寒","Typhoid Fever",2014,10460,0,0.77,0,1367260000
"伤寒","Typhoid Fever",2013,10722,3,0.79,0,1359220000
"伤寒","Typhoid Fever",2012,8816,3,0.65,0,1349160000
"伤寒","Typhoid Fever",2011,8768,1,0.65,0,1340910000
"伤寒","Typhoid Fever",2010,9716,3,0.73,0,1334500000
"伤寒","Typhoid Fever",2009,12427,7,0.94,0,1328020000
"伤寒","Typhoid Fever",2008,10946,4,0.83,0,1321290000
"伤寒","Typhoid Fever",2007,12942,6,0.98,0,1314480000
"伤寒","Typhoid Fever",2006,16317,13,1.25,0,1307560000
"伤寒","Typhoid Fever",2005,22270,9,1.71,0,1299880000
"伤寒","Typhoid Fever",2004,32966,17,2.54,0,1292270000
"伤寒和副伤寒","Typhoid and Paratyphoid Fever",2023,5542,1,0.3931,1e-4,1411750000
"伤寒和副伤寒","Typhoid and Paratyphoid Fever",2022,5829,2,0.41,1e-4,1412600000
"伤寒和副伤寒","Typhoid and Paratyphoid Fever",2021,7244,0,0.5138,0,1412120000
"伤寒和副伤寒","Typhoid and Paratyphoid Fever",2020,7011,5,0.5,0,1410080000
"伤寒和副伤寒","Typhoid and Paratyphoid Fever",2019,9274,0,0.66,0,1405410000
"伤寒和副伤寒","Typhoid and Paratyphoid Fever",2018,10843,2,0.78,0,1400110000
"伤寒和副伤寒","Typhoid and Paratyphoid Fever",2017,10791,3,0.78,0,1392320000
"伤寒和副伤寒","Typhoid and Paratyphoid Fever",2016,10899,1,0.8,0,1383260000
"伤寒和副伤寒","Typhoid and Paratyphoid Fever",2015,11637,1,0.85,0,1376460000
"伤寒和副伤寒","Typhoid and Paratyphoid Fever",2014,13768,0,1.02,0,1367260000
"伤寒和副伤寒","Typhoid and Paratyphoid Fever",2013,14136,3,1.04,0,1359220000
"伤寒和副伤寒","Typhoid and Paratyphoid Fever",2012,11998,3,0.89,0,1349160000
"伤寒和副伤寒","Typhoid and Paratyphoid Fever",2011,11798,1,0.88,0,1340910000
"伤寒和副伤寒","Typhoid and Paratyphoid Fever",2010,14041,3,1.05,0,1334500000
"伤寒和副伤寒","Typhoid and Paratyphoid Fever",2009,16938,9,1.28,0,1328020000
"伤寒和副伤寒","Typhoid and Paratyphoid Fever",2008,15641,7,1.18,0,1321290000
"伤寒和副伤寒","Typhoid and Paratyphoid Fever",2007,20428,6,1.55,0,1314480000
"伤寒和副伤寒","Typhoid and Paratyphoid Fever",2006,25986,17,1.99,0,1307560000
"伤寒和副伤寒","Typhoid and Paratyphoid Fever",2005,34696,14,2.67,0,1299880000
"伤寒和副伤寒","Typhoid and Paratyphoid Fever",2004,49332,19,3.8,0,1292270000
"肝炎","Viral Hepatitis",2023,1278473,2397,90.6879,0.17,1411750000
"肝炎","Viral Hepatitis",2022,1105865,543,78.4,0.0385,1412600000
"肝炎","Viral Hepatitis",2021,1226165,520,86.9757,0.0369,1412120000
"肝炎","Viral Hepatitis",2020,1138781,588,81.12,0.04,1410080000
"肝炎","Viral Hepatitis",2019,1286691,575,92.13,0.04,1405410000
"肝炎","Viral Hepatitis",2018,1280015,531,92.15,0.04,1400110000
"肝炎","Viral Hepatitis",2017,1283523,573,93.02,0.04,1392320000
"肝炎","Viral Hepatitis",2016,1221479,537,89.11,0.04,1383260000
"肝炎","Viral Hepatitis",2015,1218946,474,89.47,0.03,1376460000
"肝炎","Viral Hepatitis",2014,1223021,515,90.25,0.04,1367260000
"肝炎","Viral Hepatitis",2013,1251872,739,92.45,0.05,1359220000
"肝炎","Viral Hepatitis",2012,1380800,747,102.48,0.06,1349160000
"肝炎","Viral Hepatitis",2011,1372344,830,102.34,0.06,1340910000
"肝炎","Viral Hepatitis",2010,1317982,884,98.74,0.07,1334500000
"肝炎","Viral Hepatitis",2009,1425020,1018,107.3,0.08,1328020000
"肝炎","Viral Hepatitis",2008,1407664,1049,106.54,0.08,1321290000
"肝炎","Viral Hepatitis",2007,1425428,1122,108.44,0.09,1314480000
"肝炎","Viral Hepatitis",2006,1334859,1352,102.09,0.1,1307560000
"肝炎","Viral Hepatitis",2005,1195356,1208,91.96,0.09,1299880000
"肝炎","Viral Hepatitis",2004,1152874,1059,88.69,0.08,1292270000
